Transfer policy,Scenario,Wealth Gini,Disposable-income Gini,Top 1% share,Shorrocks index
No transfers,Flat tax,0.4843520918027579,0.3406831797654437,0.0978116617785015,0.691875
No transfers,High progressivity,0.4721658154857779,0.2583978696118501,0.1006927003065825,0.664375
Lump-sum only,Flat tax,0.4093616045382824,0.2384782258358109,0.080270916494646,0.74125
Lump-sum only,High progressivity,0.3906973379194283,0.1716982478981799,0.0802337376935537,0.72525
Universal + safety floor,Flat tax,0.4044632638912209,0.2099945862127914,0.0803914778077588,0.73325
Universal + safety floor,High progressivity,0.3872632503235673,0.1475033462998634,0.0803232412705293,0.7204999999999999
