tax_scenario,final_gini,final_disposable_income_gini,final_top_10_share,final_top_1_share,shorrocks_index,top_20_persistence,final_capital_income_share,scenario_label,scenario_order,final_gini_diff_vs_flat_pp,final_disposable_income_gini_diff_vs_flat_pp,final_top_10_share_diff_vs_flat_pp,final_top_1_share_diff_vs_flat_pp,shorrocks_index_diff_vs_flat_pp,top_20_persistence_diff_vs_flat_pp,final_capital_income_share_diff_vs_flat_pp
flat,0.4055602513819672,0.2075562134705758,0.3257906695070495,0.0854772427315572,0.7280000000000001,0.7208333333333332,0.262486365854189,Flat tax,0,0.0,0.0,0.0,0.0,0.0,0.0,0.0
swedish_low_progressivity,0.401283942116471,0.1940748545724674,0.3239602286248068,0.0853805087474242,0.7280000000000001,0.7281666666666666,0.2624826703692146,Low progressivity,1,-0.4276309265496214,-1.3481358898108393,-0.1830440882242712,-0.009673398413299894,0.0,0.7333333333333414,-0.0003695484974419738
swedish_baseline_progressivity,0.3946811713295159,0.1701087849527453,0.3220382657697216,0.0853183142361949,0.7241249999999999,0.7425,0.2624763631698739,Baseline progressivity,2,-1.0879080052451306,-3.7447428517830477,-0.37524037373278807,-0.015892849536229547,-0.3875000000000184,2.1666666666666834,-0.001000268431511353
swedish_high_progressivity,0.388820448826594,0.1450707412793087,0.3207501018713555,0.085280956107183,0.7196666666666666,0.7535,0.2624724978098805,High progressivity,3,-1.6739802555373218,-6.24854721912671,-0.5040567635693993,-0.01962866243741951,-0.8333333333333526,3.2666666666666733,-0.001386804430847377
