Return preset,Flat wealth Gini,High-progressivity wealth Gini,Wealth Gini difference pp,Flat top 1% share,High-progressivity top 1% share,Top 1% difference pp,Flat disposable-income Gini,High-progressivity disposable-income Gini,Disposable-income Gini difference pp
Low return heterogeneity,0.3871154123087803,0.3685199409499151,-1.8595471358865245,0.0751607794110122,0.075088033470117,-0.007274594089519415,0.2099945862127914,0.1475033462998634,-6.249123991292802
Baseline return heterogeneity,0.4044632638912209,0.3872632503235673,-1.7200013567653605,0.0803914778077588,0.0803232412705293,-0.00682365372294963,0.2099945862127914,0.1475033462998634,-6.249123991292802
High return heterogeneity,0.4583584831127363,0.4447521727001966,-1.360631041253968,0.0955857432222459,0.0952708635089005,-0.031487971334540066,0.2099945862127914,0.1475033462998634,-6.249123991292802
