Measure,Flat,High progressivity,Change pp
Disposable-income Gini,0.2099945862127914,0.1475033462998634,-6.249123991292802
Wealth Gini,0.4044632638912209,0.3872632503235673,-1.7200013567653605
Top 1% share,0.0803914778077588,0.0803232412705293,-0.00682365372294963
