scenario,tax_system,transfer_policy,calibrated_rate,first_year_revenue_difference,final_gini,final_pre_tax_labour_income_gini,final_disposable_income_gini,final_capital_income_gini,final_capital_income_share,final_top_10_share,final_top_1_share,shorrocks_index,top_20_persistence
flat,flat,lump_sum,0.3,0.0,0.3929679379231579,0.3164322566102815,0.19937461538354384,0.5028975774821969,0.26993612890835217,0.31199354446584904,0.07626087374336629,0.7545000000000001,0.705
swedish_low_progressivity,swedish,lump_sum,0.33191595798262996,2.384185791015625e-07,0.3887407474216964,0.3164322566102815,0.18666951026257705,0.5003018065356688,0.269957161313586,0.3102146211357672,0.07624732663196813,0.75175,0.711
swedish_baseline_progressivity,swedish,lump_sum,0.34072959554879567,-2.384185791015625e-07,0.38197083727820647,0.3164322566102815,0.16363150261649806,0.4962130661882451,0.26999293229593957,0.30824114401538294,0.07624120267234513,0.7464999999999999,0.7255
swedish_high_progressivity,swedish,lump_sum,0.31104919110268436,-4.76837158203125e-07,0.3757320557306427,0.3164322566102815,0.1390828559627315,0.49252040250134144,0.27002602360776146,0.3068965100787365,0.07623467783846198,0.739375,0.738
