return_preset,wealth_gini_difference_flat_minus_high,top_10_share_difference_flat_minus_high,top_1_share_difference_flat_minus_high,disposable_income_gini_difference_flat_minus_high,shorrocks_difference_flat_minus_high,top_20_persistence_difference_flat_minus_high
baseline_return_heterogeneity,0.017241965429771744,0.005152065485747204,6.646746685180782e-05,0.06297205624571456,0.014874999999999972,-0.03399999999999992
high_return_heterogeneity,0.013643806167604078,0.005497030495386412,0.0003112933438077087,0.06297205624571456,0.0025000000000000577,-0.00649999999999995
low_return_heterogeneity,0.01863724566178493,0.0047971414254135425,7.245812960661457e-05,0.06297205624571456,0.01912500000000006,-0.04999999999999993
