return_preset,wealth_gini_difference_flat_minus_high,top_10_share_difference_flat_minus_high,top_1_share_difference_flat_minus_high,disposable_income_gini_difference_flat_minus_high,shorrocks_difference_flat_minus_high,top_20_persistence_difference_flat_minus_high
baseline_return_heterogeneity,0.01723588219251515,0.0050970343871125645,2.6195904904310896e-05,0.06029175942081233,0.015125000000000055,-0.03300000000000003
high_return_heterogeneity,0.013530387559741452,0.005533192301221956,-3.7152823351982445e-06,0.058740864227164735,0.004000000000000115,-0.007500000000000062
low_return_heterogeneity,0.018594556594260903,0.004326411652877671,-7.725145428905122e-08,0.06049879200646946,0.012375000000000136,-0.04349999999999998
